{
  "name": "feature_extractor",
  "display_name": "ResNet-18 feature extractor",
  "source": "/home/megusto/zlm/labwork/artifacts/results.json",
  "real_metrics": true,
  "misclassification_images": "metadata only",
  "epochs": 10,
  "batch_size": 64,
  "optimizer": "Adam",
  "lr": 0.001,
  "trainable_params": 5130,
  "time_min": null,
  "train_loss": [
    0.8539770955403646,
    0.629478614086575,
    0.5961279558181762,
    0.5814305488056607,
    0.5723913414001465,
    0.566533574350675,
    0.5588485605557759,
    0.5592784931924608,
    0.5543766960991754,
    0.5546895864698622
  ],
  "train_acc": [
    0.7273777777777778,
    0.7842222222222223,
    0.7949333333333334,
    0.7985777777777778,
    0.8019333333333334,
    0.8034444444444444,
    0.8065555555555556,
    0.8063555555555556,
    0.8083555555555556,
    0.8071555555555555
  ],
  "val_loss": [
    0.6455590476989747,
    0.6008642628669739,
    0.5901155502319336,
    0.6001492726325989,
    0.5640895741462707,
    0.5628279720306396,
    0.5560002542495728,
    0.5730628316879273,
    0.5864108016967774,
    0.5533301334381103
  ],
  "val_acc": [
    0.7698,
    0.7886,
    0.7942,
    0.7896,
    0.806,
    0.8006,
    0.8046,
    0.799,
    0.7936,
    0.801
  ],
  "test_acc": 0.8092,
  "confusion": [
    [
      788,
      7,
      49,
      25,
      9,
      3,
      9,
      16,
      71,
      23
    ],
    [
      12,
      858,
      3,
      14,
      1,
      2,
      6,
      4,
      16,
      84
    ],
    [
      27,
      0,
      752,
      66,
      53,
      26,
      52,
      14,
      6,
      4
    ],
    [
      8,
      2,
      31,
      742,
      24,
      106,
      51,
      18,
      9,
      9
    ],
    [
      8,
      0,
      49,
      53,
      751,
      26,
      48,
      54,
      6,
      5
    ],
    [
      0,
      1,
      23,
      152,
      23,
      754,
      21,
      23,
      1,
      2
    ],
    [
      3,
      2,
      22,
      53,
      23,
      19,
      874,
      2,
      2,
      0
    ],
    [
      9,
      0,
      22,
      47,
      50,
      44,
      10,
      802,
      7,
      9
    ],
    [
      48,
      19,
      10,
      14,
      4,
      3,
      3,
      5,
      871,
      23
    ],
    [
      16,
      44,
      2,
      12,
      1,
      4,
      2,
      4,
      15,
      900
    ]
  ],
  "per_class_acc": {
    "airplane": 0.7879999876022339,
    "automobile": 0.8579999804496765,
    "bird": 0.7519999742507935,
    "cat": 0.7419999837875366,
    "deer": 0.7509999871253967,
    "dog": 0.7540000081062317,
    "frog": 0.8740000128746033,
    "horse": 0.8019999861717224,
    "ship": 0.8709999918937683,
    "truck": 0.8999999761581421
  },
  "misclassifications": [
    {
      "true": "airplane",
      "pred": "bird",
      "confidence": 0.2799038290977478,
      "image_path": null,
      "image_available": false
    },
    {
      "true": "automobile",
      "pred": "truck",
      "confidence": 0.8149913549423218,
      "image_path": null,
      "image_available": false
    },
    {
      "true": "bird",
      "pred": "cat",
      "confidence": 0.3839072287082672,
      "image_path": null,
      "image_available": false
    },
    {
      "true": "deer",
      "pred": "cat",
      "confidence": 0.6451302170753479,
      "image_path": null,
      "image_available": false
    },
    {
      "true": "automobile",
      "pred": "truck",
      "confidence": 0.7871755361557007,
      "image_path": null,
      "image_available": false
    },
    {
      "true": "deer",
      "pred": "airplane",
      "confidence": 0.7139651775360107,
      "image_path": null,
      "image_available": false
    },
    {
      "true": "frog",
      "pred": "cat",
      "confidence": 0.3945811688899994,
      "image_path": null,
      "image_available": false
    },
    {
      "true": "horse",
      "pred": "cat",
      "confidence": 0.492803692817688,
      "image_path": null,
      "image_available": false
    },
    {
      "true": "horse",
      "pred": "cat",
      "confidence": 0.8633760213851929,
      "image_path": null,
      "image_available": false
    },
    {
      "true": "deer",
      "pred": "dog",
      "confidence": 0.4450991749763489,
      "image_path": null,
      "image_available": false
    },
    {
      "true": "frog",
      "pred": "cat",
      "confidence": 0.6162686347961426,
      "image_path": null,
      "image_available": false
    },
    {
      "true": "frog",
      "pred": "cat",
      "confidence": 0.47232136130332947,
      "image_path": null,
      "image_available": false
    },
    {
      "true": "airplane",
      "pred": "truck",
      "confidence": 0.9135464429855347,
      "image_path": null,
      "image_available": false
    },
    {
      "true": "cat",
      "pred": "dog",
      "confidence": 0.8511844873428345,
      "image_path": null,
      "image_available": false
    },
    {
      "true": "bird",
      "pred": "cat",
      "confidence": 0.48798543214797974,
      "image_path": null,
      "image_available": false
    },
    {
      "true": "ship",
      "pred": "dog",
      "confidence": 0.3582639992237091,
      "image_path": null,
      "image_available": false
    },
    {
      "true": "airplane",
      "pred": "ship",
      "confidence": 0.5150629878044128,
      "image_path": null,
      "image_available": false
    },
    {
      "true": "airplane",
      "pred": "bird",
      "confidence": 0.3726733922958374,
      "image_path": null,
      "image_available": false
    },
    {
      "true": "bird",
      "pred": "frog",
      "confidence": 0.4830320477485657,
      "image_path": null,
      "image_available": false
    },
    {
      "true": "deer",
      "pred": "cat",
      "confidence": 0.5407614707946777,
      "image_path": null,
      "image_available": false
    },
    {
      "true": "horse",
      "pred": "cat",
      "confidence": 0.7448448538780212,
      "image_path": null,
      "image_available": false
    },
    {
      "true": "airplane",
      "pred": "bird",
      "confidence": 0.8734868764877319,
      "image_path": null,
      "image_available": false
    },
    {
      "true": "dog",
      "pred": "cat",
      "confidence": 0.7377521395683289,
      "image_path": null,
      "image_available": false
    },
    {
      "true": "automobile",
      "pred": "cat",
      "confidence": 0.49813970923423767,
      "image_path": null,
      "image_available": false
    },
    {
      "true": "cat",
      "pred": "horse",
      "confidence": 0.49007415771484375,
      "image_path": null,
      "image_available": false
    },
    {
      "true": "horse",
      "pred": "bird",
      "confidence": 0.4768136739730835,
      "image_path": null,
      "image_available": false
    },
    {
      "true": "bird",
      "pred": "dog",
      "confidence": 0.8523676991462708,
      "image_path": null,
      "image_available": false
    },
    {
      "true": "dog",
      "pred": "cat",
      "confidence": 0.7903870940208435,
      "image_path": null,
      "image_available": false
    },
    {
      "true": "bird",
      "pred": "cat",
      "confidence": 0.7076489329338074,
      "image_path": null,
      "image_available": false
    },
    {
      "true": "bird",
      "pred": "cat",
      "confidence": 0.8390681147575378,
      "image_path": null,
      "image_available": false
    }
  ]
}
