{
  "name": "fine_tune",
  "display_name": "ResNet-18 fine-tune",
  "source": "/home/megusto/zlm/labwork/artifacts/results.json",
  "real_metrics": true,
  "misclassification_images": "metadata only",
  "epochs": 10,
  "batch_size": 64,
  "optimizer": "Adam",
  "lr": {
    "layer4": 0.0001,
    "fc": 0.001
  },
  "trainable_params": 8398858,
  "time_min": null,
  "train_loss": [
    0.4346569367090861,
    0.20708663662804497,
    0.130496800465054,
    0.08918113859138554,
    0.0635530158923732,
    0.052713991510371365,
    0.04188584760924181,
    0.04235790146414721,
    0.03325718919686559,
    0.03067018419276509
  ],
  "train_acc": [
    0.8513777777777778,
    0.9294222222222223,
    0.9549777777777778,
    0.9701555555555555,
    0.9791555555555556,
    0.9821111111111112,
    0.9860666666666666,
    0.9858666666666667,
    0.9882888888888889,
    0.9895777777777778
  ],
  "val_loss": [
    0.2950373244643211,
    0.2775413208961487,
    0.28041055698990824,
    0.3209381817817688,
    0.32322204937934873,
    0.3263736745715141,
    0.3759218943208456,
    0.3624829135119915,
    0.3825902190446854,
    0.403392468264699
  ],
  "val_acc": [
    0.8956,
    0.906,
    0.9116,
    0.9066,
    0.9112,
    0.9146,
    0.9142,
    0.9134,
    0.9152,
    0.9106
  ],
  "test_acc": 0.909,
  "confusion": [
    [
      943,
      5,
      7,
      4,
      2,
      5,
      6,
      1,
      23,
      4
    ],
    [
      5,
      971,
      1,
      2,
      0,
      1,
      0,
      1,
      5,
      14
    ],
    [
      18,
      0,
      881,
      23,
      8,
      37,
      17,
      13,
      2,
      1
    ],
    [
      6,
      0,
      12,
      781,
      13,
      140,
      27,
      16,
      5,
      0
    ],
    [
      3,
      1,
      25,
      13,
      886,
      28,
      17,
      27,
      0,
      0
    ],
    [
      1,
      0,
      3,
      56,
      13,
      905,
      7,
      14,
      1,
      0
    ],
    [
      2,
      0,
      11,
      11,
      5,
      8,
      960,
      2,
      0,
      1
    ],
    [
      4,
      0,
      6,
      12,
      15,
      27,
      1,
      934,
      0,
      1
    ],
    [
      36,
      9,
      4,
      2,
      0,
      0,
      1,
      5,
      929,
      14
    ],
    [
      9,
      78,
      1,
      6,
      0,
      1,
      2,
      2,
      1,
      900
    ]
  ],
  "per_class_acc": {
    "airplane": 0.9430000185966492,
    "automobile": 0.9710000157356262,
    "bird": 0.8809999823570251,
    "cat": 0.781000018119812,
    "deer": 0.8859999775886536,
    "dog": 0.9049999713897705,
    "frog": 0.9599999785423279,
    "horse": 0.9340000152587891,
    "ship": 0.9290000200271606,
    "truck": 0.8999999761581421
  },
  "misclassifications": [
    {
      "true": "horse",
      "pred": "cat",
      "confidence": 0.763621985912323,
      "image_path": null,
      "image_available": false
    },
    {
      "true": "bird",
      "pred": "dog",
      "confidence": 0.5833648443222046,
      "image_path": null,
      "image_available": false
    },
    {
      "true": "automobile",
      "pred": "truck",
      "confidence": 0.993095338344574,
      "image_path": null,
      "image_available": false
    },
    {
      "true": "truck",
      "pred": "automobile",
      "confidence": 0.9160463213920593,
      "image_path": null,
      "image_available": false
    },
    {
      "true": "horse",
      "pred": "cat",
      "confidence": 0.9970055222511292,
      "image_path": null,
      "image_available": false
    },
    {
      "true": "deer",
      "pred": "dog",
      "confidence": 0.9999417066574097,
      "image_path": null,
      "image_available": false
    },
    {
      "true": "frog",
      "pred": "cat",
      "confidence": 0.6041496396064758,
      "image_path": null,
      "image_available": false
    },
    {
      "true": "cat",
      "pred": "dog",
      "confidence": 0.9877432584762573,
      "image_path": null,
      "image_available": false
    },
    {
      "true": "cat",
      "pred": "dog",
      "confidence": 0.9850561618804932,
      "image_path": null,
      "image_available": false
    },
    {
      "true": "cat",
      "pred": "dog",
      "confidence": 0.9856793284416199,
      "image_path": null,
      "image_available": false
    },
    {
      "true": "bird",
      "pred": "dog",
      "confidence": 0.9988598823547363,
      "image_path": null,
      "image_available": false
    },
    {
      "true": "bird",
      "pred": "horse",
      "confidence": 0.8436712622642517,
      "image_path": null,
      "image_available": false
    },
    {
      "true": "ship",
      "pred": "airplane",
      "confidence": 0.9996626377105713,
      "image_path": null,
      "image_available": false
    },
    {
      "true": "truck",
      "pred": "cat",
      "confidence": 0.9693911671638489,
      "image_path": null,
      "image_available": false
    },
    {
      "true": "deer",
      "pred": "cat",
      "confidence": 0.9997814297676086,
      "image_path": null,
      "image_available": false
    },
    {
      "true": "frog",
      "pred": "truck",
      "confidence": 0.7529870271682739,
      "image_path": null,
      "image_available": false
    },
    {
      "true": "horse",
      "pred": "dog",
      "confidence": 0.7148969173431396,
      "image_path": null,
      "image_available": false
    },
    {
      "true": "airplane",
      "pred": "ship",
      "confidence": 0.9073938131332397,
      "image_path": null,
      "image_available": false
    },
    {
      "true": "airplane",
      "pred": "ship",
      "confidence": 0.9978582262992859,
      "image_path": null,
      "image_available": false
    },
    {
      "true": "ship",
      "pred": "bird",
      "confidence": 0.9645128846168518,
      "image_path": null,
      "image_available": false
    },
    {
      "true": "cat",
      "pred": "dog",
      "confidence": 0.9448336362838745,
      "image_path": null,
      "image_available": false
    },
    {
      "true": "dog",
      "pred": "frog",
      "confidence": 0.9442028999328613,
      "image_path": null,
      "image_available": false
    },
    {
      "true": "cat",
      "pred": "dog",
      "confidence": 0.8439509272575378,
      "image_path": null,
      "image_available": false
    },
    {
      "true": "truck",
      "pred": "automobile",
      "confidence": 1.0,
      "image_path": null,
      "image_available": false
    },
    {
      "true": "frog",
      "pred": "deer",
      "confidence": 0.9993674159049988,
      "image_path": null,
      "image_available": false
    },
    {
      "true": "ship",
      "pred": "airplane",
      "confidence": 0.9999901056289673,
      "image_path": null,
      "image_available": false
    },
    {
      "true": "bird",
      "pred": "airplane",
      "confidence": 0.6355026960372925,
      "image_path": null,
      "image_available": false
    },
    {
      "true": "horse",
      "pred": "deer",
      "confidence": 0.9768502712249756,
      "image_path": null,
      "image_available": false
    },
    {
      "true": "cat",
      "pred": "dog",
      "confidence": 0.9441470503807068,
      "image_path": null,
      "image_available": false
    },
    {
      "true": "cat",
      "pred": "dog",
      "confidence": 0.999927282333374,
      "image_path": null,
      "image_available": false
    }
  ]
}
