{
  "name": "scratch",
  "display_name": "Scratch CNN",
  "source": "/home/megusto/zlm/labwork/artifacts/results.json",
  "real_metrics": true,
  "misclassification_images": "exported Colab images or scratch checkpoint reconstruction",
  "epochs": 20,
  "batch_size": 128,
  "optimizer": "Adam",
  "lr": 0.001,
  "trainable_params": 620362,
  "time_min": 5.830560235182444,
  "train_loss": [
    1.6497926346672906,
    1.2828518686082628,
    1.0952229056464302,
    0.9831657708273993,
    0.9089778422143724,
    0.8622857496685452,
    0.8177872777726916,
    0.7775163395139906,
    0.7606532212257385,
    0.7275478353553348,
    0.7030445556746588,
    0.6903794020440843,
    0.6713910420947605,
    0.6476428390396965,
    0.6395142131063674,
    0.6289419811460707,
    0.6137072791629368,
    0.6045644014358521,
    0.5891633877383338,
    0.5768329404830933
  ],
  "train_acc": [
    0.38982222222222224,
    0.5356888888888889,
    0.6089333333333333,
    0.6525555555555556,
    0.6820444444444445,
    0.6983111111111111,
    0.7159777777777778,
    0.7295555555555555,
    0.7368888888888889,
    0.7458222222222223,
    0.7567333333333334,
    0.7584,
    0.7652,
    0.7747777777777778,
    0.7795333333333333,
    0.7814222222222222,
    0.7854444444444444,
    0.7885333333333333,
    0.7946666666666666,
    0.8015555555555556
  ],
  "val_loss": [
    1.3080696933746339,
    1.0769314477920533,
    0.9204756751060486,
    0.82478910446167,
    0.7882943503379822,
    0.7252522671699524,
    0.7069838040351868,
    0.6692827941894531,
    0.6713177771568298,
    0.6429526404380799,
    0.6465134104728699,
    0.6474210238456726,
    0.5992915202140808,
    0.6047820719718933,
    0.5999241868019104,
    0.6109508599281311,
    0.6206402559280395,
    0.6020502040863037,
    0.5620297281742096,
    0.5682097448348999
  ],
  "val_acc": [
    0.5218,
    0.6188,
    0.6758,
    0.7098,
    0.725,
    0.7456,
    0.753,
    0.7634,
    0.7608,
    0.7662,
    0.7774,
    0.7686,
    0.7908,
    0.7846,
    0.7948,
    0.7888,
    0.786,
    0.7904,
    0.8054,
    0.8048
  ],
  "epoch_seconds": [
    23.672086715698242,
    16.79747438430786,
    16.548186779022217,
    17.234113216400146,
    17.713314294815063,
    17.030856370925903,
    18.116529941558838,
    17.337321043014526,
    16.595810413360596,
    16.58960771560669,
    17.706525087356567,
    16.587510347366333,
    16.72262954711914,
    17.872509717941284,
    16.76811671257019,
    16.654568672180176,
    17.79537010192871,
    16.629136085510254,
    17.47266125679016,
    17.986342191696167
  ],
  "eval_time_sec": 2.2672371864318848,
  "test_acc": 0.8056,
  "confusion": [
    [
      829,
      18,
      24,
      11,
      11,
      1,
      7,
      5,
      69,
      25
    ],
    [
      8,
      916,
      4,
      5,
      0,
      0,
      3,
      0,
      17,
      47
    ],
    [
      57,
      4,
      723,
      28,
      81,
      30,
      38,
      11,
      14,
      14
    ],
    [
      29,
      5,
      71,
      597,
      82,
      110,
      41,
      26,
      21,
      18
    ],
    [
      17,
      1,
      38,
      23,
      867,
      9,
      21,
      17,
      7,
      0
    ],
    [
      13,
      3,
      62,
      121,
      60,
      684,
      6,
      31,
      9,
      11
    ],
    [
      9,
      2,
      39,
      36,
      43,
      15,
      837,
      7,
      9,
      3
    ],
    [
      20,
      2,
      41,
      27,
      64,
      30,
      2,
      793,
      6,
      15
    ],
    [
      31,
      14,
      10,
      2,
      5,
      0,
      2,
      2,
      920,
      14
    ],
    [
      19,
      49,
      2,
      5,
      1,
      0,
      6,
      6,
      22,
      890
    ]
  ],
  "per_class_acc": {
    "airplane": 0.8289999961853027,
    "automobile": 0.9160000085830688,
    "bird": 0.7229999899864197,
    "cat": 0.597000002861023,
    "deer": 0.8669999837875366,
    "dog": 0.6840000152587891,
    "frog": 0.8370000123977661,
    "horse": 0.7929999828338623,
    "ship": 0.9200000166893005,
    "truck": 0.8899999856948853
  },
  "misclassifications": [
    {
      "true": "frog",
      "pred": "deer",
      "confidence": 0.27030378580093384,
      "image_path": "miss_000.png",
      "image_available": true
    },
    {
      "true": "dog",
      "pred": "deer",
      "confidence": 0.9969307780265808,
      "image_path": "miss_001.png",
      "image_available": true
    },
    {
      "true": "bird",
      "pred": "automobile",
      "confidence": 0.5509327054023743,
      "image_path": "miss_002.png",
      "image_available": true
    },
    {
      "true": "airplane",
      "pred": "bird",
      "confidence": 0.7972546815872192,
      "image_path": "miss_003.png",
      "image_available": true
    },
    {
      "true": "horse",
      "pred": "cat",
      "confidence": 0.5042844414710999,
      "image_path": "miss_004.png",
      "image_available": true
    },
    {
      "true": "deer",
      "pred": "cat",
      "confidence": 0.20262208580970764,
      "image_path": "miss_005.png",
      "image_available": true
    },
    {
      "true": "frog",
      "pred": "deer",
      "confidence": 0.3250609338283539,
      "image_path": "miss_006.png",
      "image_available": true
    },
    {
      "true": "cat",
      "pred": "dog",
      "confidence": 0.6289693117141724,
      "image_path": "miss_007.png",
      "image_available": true
    },
    {
      "true": "cat",
      "pred": "truck",
      "confidence": 0.6798003315925598,
      "image_path": "miss_008.png",
      "image_available": true
    },
    {
      "true": "bird",
      "pred": "frog",
      "confidence": 0.5043506622314453,
      "image_path": "miss_009.png",
      "image_available": true
    },
    {
      "true": "automobile",
      "pred": "ship",
      "confidence": 0.8639870882034302,
      "image_path": "miss_010.png",
      "image_available": true
    },
    {
      "true": "cat",
      "pred": "dog",
      "confidence": 0.7647705078125,
      "image_path": "miss_011.png",
      "image_available": true
    },
    {
      "true": "frog",
      "pred": "cat",
      "confidence": 0.5849433541297913,
      "image_path": "miss_012.png",
      "image_available": true
    },
    {
      "true": "truck",
      "pred": "airplane",
      "confidence": 0.9228940010070801,
      "image_path": "miss_013.png",
      "image_available": true
    },
    {
      "true": "dog",
      "pred": "truck",
      "confidence": 0.5794476866722107,
      "image_path": "miss_014.png",
      "image_available": true
    },
    {
      "true": "horse",
      "pred": "deer",
      "confidence": 0.6542497873306274,
      "image_path": "miss_015.png",
      "image_available": true
    },
    {
      "true": "cat",
      "pred": "frog",
      "confidence": 0.4132734537124634,
      "image_path": "miss_016.png",
      "image_available": true
    },
    {
      "true": "frog",
      "pred": "cat",
      "confidence": 0.41615551710128784,
      "image_path": "miss_017.png",
      "image_available": true
    },
    {
      "true": "cat",
      "pred": "airplane",
      "confidence": 0.7706420421600342,
      "image_path": "miss_018.png",
      "image_available": true
    },
    {
      "true": "frog",
      "pred": "bird",
      "confidence": 0.6329351663589478,
      "image_path": "miss_019.png",
      "image_available": true
    },
    {
      "true": "bird",
      "pred": "frog",
      "confidence": 0.5455097556114197,
      "image_path": "miss_020.png",
      "image_available": true
    },
    {
      "true": "airplane",
      "pred": "bird",
      "confidence": 0.8454735279083252,
      "image_path": "miss_021.png",
      "image_available": true
    },
    {
      "true": "dog",
      "pred": "cat",
      "confidence": 0.43396416306495667,
      "image_path": "miss_022.png",
      "image_available": true
    },
    {
      "true": "bird",
      "pred": "airplane",