{
  "name": "scratch",
  "display_name": "Scratch CNN",
  "source": "/home/megusto/zlm/labwork/artifacts/results.json",
  "real_metrics": true,
  "misclassification_images": "scratch checkpoint reconstruction",
  "epochs": 20,
  "batch_size": 128,
  "optimizer": "Adam",
  "lr": 0.001,
  "trainable_params": 620362,
  "time_min": null,
  "train_loss": [
    1.6539720761617025,
    1.2900617563035752,
    1.1077993227640788,
    0.9987425371170044,
    0.9214362755669487,
    0.8648754066361322,
    0.8277513589541118,
    0.7861863418155246,
    0.7687519729190403,
    0.7311775517781576,
    0.7049774545139736,
    0.6953551811854045,
    0.6702632234043545,
    0.6501609878646003,
    0.6405581928465102,
    0.6263268720414903,
    0.6107065900908576,
    0.6081326997650994,
    0.5925025194803873,
    0.580907870833079
  ],
  "train_acc": [
    0.38764444444444446,
    0.536,
    0.6043555555555555,
    0.6472,
    0.6776,
    0.6960222222222222,
    0.713,
    0.7247333333333333,
    0.7310222222222222,
    0.7464666666666666,
    0.7537777777777778,
    0.7581555555555556,
    0.7662222222222222,
    0.7739333333333334,
    0.7773333333333333,
    0.7813555555555556,
    0.7891111111111111,
    0.7873555555555556,
    0.7951111111111111,
    0.7981777777777778
  ],
  "val_loss": [
    1.3168035720825195,
    1.1196398902893065,
    0.9483034418106079,
    0.8557450416564941,
    0.7974685266494751,
    0.7606136651992798,
    0.7238945260047912,
    0.6702955360412598,
    0.6732075353622436,
    0.662213372516632,
    0.6495456422805787,
    0.6364487780570984,
    0.6082459659576416,
    0.6022885544776917,
    0.6003906226158142,
    0.6122585700035095,
    0.5953045711517334,
    0.5835757251739502,
    0.5663365110874176,
    0.5474470015048981
  ],
  "val_acc": [
    0.5252,
    0.5964,
    0.6638,
    0.7026,
    0.722,
    0.7282,
    0.7492,
    0.7692,
    0.762,
    0.7636,
    0.774,
    0.7814,
    0.7842,
    0.7918,
    0.7952,
    0.7926,
    0.7874,
    0.8002,
    0.8028,
    0.8078
  ],
  "test_acc": 0.8129,
  "confusion": [
    [
      845,
      8,
      28,
      17,
      13,
      3,
      9,
      5,
      53,
      19
    ],
    [
      13,
      918,
      1,
      5,
      0,
      5,
      4,
      0,
      19,
      35
    ],
    [
      64,
      2,
      734,
      37,
      66,
      32,
      41,
      15,
      5,
      4
    ],
    [
      21,
      4,
      71,
      668,
      64,
      102,
      37,
      19,
      7,
      7
    ],
    [
      10,
      1,
      39,
      34,
      859,
      14,
      25,
      14,
      4,
      0
    ],
    [
      8,
      0,
      57,
      144,
      48,
      709,
      4,
      27,
      0,
      3
    ],
    [
      9,
      2,
      41,
      46,
      27,
      14,
      858,
      1,
      2,
      0
    ],
    [
      18,
      2,
      41,
      40,
      62,
      40,
      2,
      791,
      1,
      3
    ],
    [
      45,
      10,
      9,
      9,
      7,
      1,
      1,
      2,
      908,
      8
    ],
    [
      36,
      68,
      5,
      9,
      2,
      4,
      2,
      7,
      28,
      839
    ]
  ],
  "per_class_acc": {
    "airplane": 0.8450000286102295,
    "automobile": 0.9179999828338623,
    "bird": 0.734000027179718,
    "cat": 0.6679999828338623,
    "deer": 0.859000027179718,
    "dog": 0.7089999914169312,
    "frog": 0.8579999804496765,
    "horse": 0.7910000085830688,
    "ship": 0.9079999923706055,
    "truck": 0.8389999866485596
  },
  "misclassifications": [
    {
      "true": "airplane",
      "pred": "ship",
      "confidence": 0.7937839031219482,
      "image_path": "miss_000.png",
      "image_available": true
    },
    {
      "true": "frog",
      "pred": "bird",
      "confidence": 0.5354173183441162,
      "image_path": "miss_001.png",
      "image_available": true
    },
    {
      "true": "dog",
      "pred": "deer",
      "confidence": 0.9964256882667542,
      "image_path": "miss_002.png",
      "image_available": true
    },
    {
      "true": "deer",
      "pred": "bird",
      "confidence": 0.4792119562625885,
      "image_path": "miss_003.png",
      "image_available": true
    },
    {
      "true": "bird",
      "pred": "cat",
      "confidence": 0.5620315074920654,
      "image_path": "miss_004.png",
      "image_available": true
    },
    {
      "true": "automobile",
      "pred": "truck",
      "confidence": 0.6508840322494507,
      "image_path": "miss_005.png",
      "image_available": true
    },
    {
      "true": "dog",
      "pred": "cat",
      "confidence": 0.44727110862731934,
      "image_path": "miss_006.png",
      "image_available": true
    },
    {
      "true": "truck",
      "pred": "ship",
      "confidence": 0.23073722422122955,
      "image_path": "miss_007.png",
      "image_available": true
    },
    {
      "true": "airplane",
      "pred": "bird",
      "confidence": 0.4985542595386505,
      "image_path": "miss_008.png",
      "image_available": true
    },
    {
      "true": "horse",
      "pred": "cat",
      "confidence": 0.45105689764022827,
      "image_path": "miss_009.png",
      "image_available": true
    },
    {
      "true": "deer",
      "pred": "cat",
      "confidence": 0.7644351124763489,
      "image_path": "miss_010.png",
      "image_available": true
    },
    {
      "true": "cat",
      "pred": "dog",
      "confidence": 0.7604618072509766,
      "image_path": "miss_011.png",
      "image_available": true
    },
    {
      "true": "cat",
      "pred": "truck",
      "confidence": 0.506912887096405,
      "image_path": "miss_012.png",
      "image_available": true
    },
    {
      "true": "automobile",
      "pred": "ship",
      "confidence": 0.7922621369361877,
      "image_path": "miss_013.png",
      "image_available": true
    },
    {
      "true": "frog",
      "pred": "cat",
      "confidence": 0.8644611239433289,
      "image_path": "miss_014.png",
      "image_available": true
    },
    {
      "true": "truck",
      "pred": "airplane",
      "confidence": 0.6484944820404053,
      "image_path": "miss_015.png",
      "image_available": true
    },
    {
      "true": "cat",
      "pred": "dog",
      "confidence": 0.7952978014945984,
      "image_path": "miss_016.png",
      "image_available": true
    },
    {
      "true": "dog",
      "pred": "horse",
      "confidence": 0.7056169509887695,
      "image_path": "miss_017.png",
      "image_available": true
    },
    {
      "true": "bird",
      "pred": "airplane",
      "confidence": 0.4130042493343353,
      "image_path": "miss_018.png",
      "image_available": true
    },
    {
      "true": "horse",
      "pred": "deer",
      "confidence": 0.6012049317359924,
      "image_path": "miss_019.png",
      "image_available": true
    },
    {
      "true": "cat",
      "pred": "bird",
      "confidence": 0.5005119442939758,
      "image_path": "miss_020.png",
      "image_available": true
    },
    {
      "true": "cat",
      "pred": "airplane",
      "confidence": 0.5849672555923462,
      "image_path": "miss_021.png",
      "image_available": true
    },
    {
      "true": "frog",
      "pred": "bird",
      "confidence": 0.7523714303970337,
      "image_path": "miss_022.png",
      "image_available": true
    },
    {
      "true": "airplane",
      "pred": "bird",
      "confidence": 0.8494428992271423,
      "image_path": "miss_023.png",
      "image_available": true
    },
    {
      "true": "dog",
      "pred": "cat",
      "confidence": 0.4157736003398895,
      "image_path": "miss_024.png",
      "image_available": true
    },
    {
      "true": "bird",
      "pred": "frog",
      "confidence": 0.5221334099769592,
      "image_path": "miss_025.png",
      "image_available": true
    },
    {
      "true": "truck",
      "pred": "airplane",
      "confidence": 0.6017659902572632,
      "image_path": "miss_026.png",